{
  "0": {
    "samples": 2086,
    "mae_log": 0.9130582213401794,
    "rmse_log": 1.178649293920022,
    "mae_usd": 7018.4326171875
  },
  "1": {
    "samples": 16381,
    "mae_log": 1.27413010597229,
    "rmse_log": 1.6457554843051514,
    "mae_usd": 37191.234375
  },
  "2": {
    "samples": 14741,
    "mae_log": 1.2157304286956787,
    "rmse_log": 1.5771865320476708,
    "mae_usd": 42772.40625
  },
  "3": {
    "samples": 13251,
    "mae_log": 1.2555232048034668,
    "rmse_log": 1.6123060923061339,
    "mae_usd": 45082.953125
  },
  "4": {
    "samples": 17354,
    "mae_log": 1.1235100030899048,
    "rmse_log": 1.469222459489212,
    "mae_usd": 19347.28125
  },
  "5": {
    "samples": 12870,
    "mae_log": 1.2291899919509888,
    "rmse_log": 1.5947468949637689,
    "mae_usd": 26952.341796875
  },
  "6": {
    "samples": 11024,
    "mae_log": 1.2691020965576172,
    "rmse_log": 1.6392681505560616,
    "mae_usd": 41861.67578125
  },
  "7": {
    "samples": 14644,
    "mae_log": 1.1915589570999146,
    "rmse_log": 1.5607515088718251,
    "mae_usd": 34623.921875
  },
  "8": {
    "samples": 16232,
    "mae_log": 1.3189984560012817,
    "rmse_log": 1.698995360675156,
    "mae_usd": 40249.63671875
  },
  "9": {
    "samples": 3356,
    "mae_log": 1.0622689723968506,
    "rmse_log": 1.3727170892736194,
    "mae_usd": 44299.6015625
  }
}