{
  "0": {
    "samples": 2086,
    "mae_log": 1.0253769159317017,
    "rmse_log": 1.2945199748384484,
    "mae_usd": 7561.8349609375
  },
  "1": {
    "samples": 16381,
    "mae_log": 1.4622528553009033,
    "rmse_log": 1.8657513446294425,
    "mae_usd": 38066.65234375
  },
  "2": {
    "samples": 14741,
    "mae_log": 1.340747594833374,
    "rmse_log": 1.740596643624395,
    "mae_usd": 43928.18359375
  },
  "3": {
    "samples": 13251,
    "mae_log": 1.3698961734771729,
    "rmse_log": 1.7698706833965738,
    "mae_usd": 45404.27734375
  },
  "4": {
    "samples": 17354,
    "mae_log": 1.3184282779693604,
    "rmse_log": 1.683409218289458,
    "mae_usd": 19980.431640625
  },
  "5": {
    "samples": 12870,
    "mae_log": 1.4595087766647339,
    "rmse_log": 1.8506947347017704,
    "mae_usd": 27664.740234375
  },
  "6": {
    "samples": 11024,
    "mae_log": 1.4108562469482422,
    "rmse_log": 1.7954269545337014,
    "mae_usd": 42343.51953125
  },
  "7": {
    "samples": 14644,
    "mae_log": 1.3652746677398682,
    "rmse_log": 1.7714726659015592,
    "mae_usd": 35518.59765625
  },
  "8": {
    "samples": 16232,
    "mae_log": 1.4822604656219482,
    "rmse_log": 1.8887911643510296,
    "mae_usd": 40830.66015625
  },
  "9": {
    "samples": 3356,
    "mae_log": 1.1938607692718506,
    "rmse_log": 1.5419052901615342,
    "mae_usd": 45656.89453125
  }
}